{
  "project_info": {
    "project_number": "4207xxxx65279599",
    "firebase_url": "https://gymapp-f2b71.firebaseio.com",
    "project_id": "gymaxxxxf2b71",
    "storage_bucket": "gxxxxxxpp-f2xxx71.appspot.com"
  },
  "client": [
    {
      "client_info": {
        "mobilesdk_app_id": "1:420765279599:android:52c99b223cfcc189",
        "android_client_info": {
          "package_name": "com.example.gymapp"
        }
      },
      "oauth_client": [
        {
          "client_id": "4207xxxxxxxxxxxpeete85k.apps.googleusercontent.com",
          "client_type": 1,
          "android_info": {
            "package_name": "com.example.gymapp",
            "certificate_hash": "679f566xxxxxxxxxxxxxxxxebc29cecbbf0"
          }
        },
        {
          "client_id": "420xxxxxxxxxxxxxxxxxcn9vb8656a7kh91tig.apps.googleusercontent.com",
          "client_type": 3
        }
      ],
      "api_key": [
        {
          "current_key": "AIzaSyxxxxxxxxxxxxxxxxxZWcdMJmUMef__Q6ooA"
        }
      ],
      "services": {
        "appinvite_service": {
          "other_platform_oauth_client": [
            {
              "client_id": "4207652795xxxxxxxxxxxxxxxxscn9vb8656a7kh91tig.apps.googleusercontent.com",
              "client_type": 3
            }
          ]
        }
      }
    }
  ],
  "configuration_version": "1"
}